Transaction Type,Average Amount
Deposit,48.666666666666664
Interest,51.502145922746784
Purchase,50.94758064516129
Withdrawal,53.348837209302324
