Transaction Type,Average Amount
Deposit,49.416
Interest,50.895161290322584
Purchase,51.13008130081301
Withdrawal,51.7890625
