Transaction Type,Average Amount
Deposit,48.76679841897233
Interest,48.906976744186046
Purchase,50.25196850393701
Withdrawal,50.47234042553192
